Category,Sub Category,Solution Tool,SEO Slug,SEO Title
Generate More Leads,Platforms,Platforms,platforms,Industry-Leading Platforms 2026
Generate More Leads,Automation Software,Automation Software,automation-software,Leading Automation Software 2026
Generate More Leads,Analytics & Intelligence Tools,Analytics & Intelligence Tools,analytics-intelligence-tools,Professional Analytics & Intelligence Tools 2026
Generate More Leads,AI-Powered Solutions,AI-Powered Solutions,ai-powered-solutions,Best AI-Powered Solutions 2026
Generate More Leads,Optimization Systems,Optimization Systems,optimization-systems,Industry-Leading Optimization Systems 2026
Improve Lead Quality,Scoring Tools,Scoring Tools,scoring-tools,Best Scoring Tools 2026
Improve Lead Quality,Data Enrichment Software,Data Enrichment Software,data-enrichment-software,Ultimate Data Enrichment Software 2026
Improve Lead Quality,Analytics Platforms,Analytics Platforms,analytics-platforms,Ultimate Analytics Platforms 2026
Improve Lead Quality,AI-Powered Lead Qualification Systems,AI-Powered Lead Qualification Systems,ai-powered-lead-qualification-systems,Best AI-Powered Lead Qualification Systems 2026
Improve Lead Quality,Verification Services,Verification Services,verification-services,Top Verification Services 2026
Capture Website Visitors,Identification Tools,Identification Tools,identification-tools,Top-Rated Identification Tools 2026
Capture Website Visitors,Form & Chat Solutions,Form & Chat Solutions,form-chat-solutions,Leading Form & Chat Solutions 2026
Capture Website Visitors,Retargeting Platforms,Retargeting Platforms,retargeting-platforms,Top Retargeting Platforms 2026
Capture Website Visitors,AI-Powered Visitor Tracking Systems,AI-Powered Visitor Tracking Systems,ai-powered-visitor-tracking-systems,Best AI-Powered Visitor Tracking Systems 2026
Capture Website Visitors,Conversion Optimization Software,Conversion Optimization Software,conversion-optimization-software,Premier Conversion Optimization Software 2026
Build Landing Pages That Convert,Drag-and-Drop Builders,Drag-and-Drop Builders,drag-and-drop-builders,Leading Drag-and-Drop Builders 2026
Build Landing Pages That Convert,A/B Testing Tools,A/B Testing Tools,ab-testing-tools,Best A/B Testing Tools 2026
Build Landing Pages That Convert,Heatmap & Analytics Software,Heatmap & Analytics Software,heatmap-analytics-software,Leading Heatmap & Analytics Software 2026
Build Landing Pages That Convert,AI-Powered Landing Page Copywriting Solutions,AI-Powered Landing Page Copywriting Solutions,ai-powered-landing-page-copywriting-solutions,Best AI-Powered Landing Page Copywriting Solutions 2026
Build Landing Pages That Convert,Conversion Rate Optimization Platforms,Conversion Rate Optimization Platforms,conversion-rate-optimization-platforms,Top-Rated Conversion Rate Optimization Platforms 2026
Run Paid Ads Effectively,Ad Platforms,Ad Platforms,ad-platforms,Top-Rated Ad Platforms 2026
Run Paid Ads Effectively,Automation Software,Automation Software,automation-software,Leading Automation Software 2026
Run Paid Ads Effectively,Analytics & Attribution Tools,Analytics & Attribution Tools,analytics-attribution-tools,Best Analytics & Attribution Tools 2026
Run Paid Ads Effectively,AI-Powered Ad Optimization Systems,AI-Powered Ad Optimization Systems,ai-powered-ad-optimization-systems,Best AI-Powered Ad Optimization Systems 2026
Run Paid Ads Effectively,Budget Management Solutions,Budget Management Solutions,budget-management-solutions,Top Budget Management Solutions 2026
Improve SEO Rankings,Keyword Research Tools,Keyword Research Tools,keyword-research-tools,Top Keyword Research Tools 2026
Improve SEO Rankings,On-Page Optimization Software,On-Page Optimization Software,on-page-optimization-software,Top-Rated On-Page Optimization Software 2026
Improve SEO Rankings,Link Building Platforms,Link Building Platforms,link-building-platforms,Leading Link Building Platforms 2026
Improve SEO Rankings,AI-Powered SEO Content Assistants,AI-Powered SEO Content Assistants,ai-powered-seo-content-assistants,Best AI-Powered SEO Content Assistants 2026
Improve SEO Rankings,Technical Audit Tools,Technical Audit Tools,technical-audit-tools,Top Technical Audit Tools 2026
Manage Social Media Growth,Scheduling Platforms,Scheduling Platforms,scheduling-platforms,Industry-Leading Scheduling Platforms 2026
Manage Social Media Growth,Engagement Automation,Engagement Automation,engagement-automation,Top-Rated Engagement Automation 2026
Manage Social Media Growth,Analytics & Reporting Tools,Analytics & Reporting Tools,analytics-reporting-tools,Ultimate Analytics & Reporting Tools 2026
Manage Social Media Growth,AI-Powered Content Creation for Social Media,AI-Powered Content Creation for Social Media,ai-powered-content-creation-for-social-media,Best AI-Powered Content Creation for Social Media 2026
Manage Social Media Growth,Influencer Discovery Systems,Influencer Discovery Systems,influencer-discovery-systems,Best Influencer Discovery Systems 2026
Launch Affiliate Programs,Affiliate Network Platforms,Affiliate Network Platforms,affiliate-network-platforms,Professional Affiliate Network Platforms 2026
Launch Affiliate Programs,Recruitment Automation Tools,Recruitment Automation Tools,recruitment-automation-tools,Professional Recruitment Automation Tools 2026
Launch Affiliate Programs,Tracking & Attribution Software,Tracking & Attribution Software,tracking-attribution-software,Ultimate Tracking & Attribution Software 2026
Launch Affiliate Programs,AI-Powered Affiliate Matching Systems,AI-Powered Affiliate Matching Systems,ai-powered-affiliate-matching-systems,Best AI-Powered Affiliate Matching Systems 2026
Launch Affiliate Programs,Commission Management Solutions,Commission Management Solutions,commission-management-solutions,Professional Commission Management Solutions 2026
Improve Email Marketing Results,Email Service Providers,Email Service Providers,email-service-providers,Top-Rated Email Service Providers 2026
Improve Email Marketing Results,Automation Workflows,Automation Workflows,automation-workflows,Top-Rated Automation Workflows 2026
Improve Email Marketing Results,Analytics & A/B Testing Tools,Analytics & A/B Testing Tools,analytics-ab-testing-tools,Best Analytics & A/B Testing Tools 2026
Improve Email Marketing Results,AI-Powered Email Personalization Engines,AI-Powered Email Personalization Engines,ai-powered-email-personalization-engines,Best AI-Powered Email Personalization Engines 2026
Improve Email Marketing Results,Deliverability Optimization Systems,Deliverability Optimization Systems,deliverability-optimization-systems,Top Deliverability Optimization Systems 2026
Expand Into New Markets,Market Research Platforms,Market Research Platforms,market-research-platforms,Industry-Leading Market Research Platforms 2026
Expand Into New Markets,Localization Software,Localization Software,localization-software,Top-Rated Localization Software 2026
Expand Into New Markets,International SEO Tools,International SEO Tools,international-seo-tools,Top-Rated International SEO Tools 2026
Expand Into New Markets,AI-Powered Market Entry Strategy Systems,AI-Powered Market Entry Strategy Systems,ai-powered-market-entry-strategy-systems,Best AI-Powered Market Entry Strategy Systems 2026
Expand Into New Markets,Cross-Border Compliance Solutions,Cross-Border Compliance Solutions,cross-border-compliance-solutions,Top-Rated Cross-Border Compliance Solutions 2026
Shorten Sales Cycle,CRM & Pipeline Management,CRM & Pipeline Management,crm-pipeline-management,Best CRM & Pipeline Management 2026
Shorten Sales Cycle,Sales Engagement Automation,Sales Engagement Automation,sales-engagement-automation,Best Sales Engagement Automation 2026
Shorten Sales Cycle,Proposal & E-Signature Software,Proposal & E-Signature Software,proposal-e-signature-software,Premier Proposal & E-Signature Software 2026
Shorten Sales Cycle,AI-Powered Lead Scoring & Prioritization,AI-Powered Lead Scoring & Prioritization,ai-powered-lead-scoring-prioritization,Best AI-Powered Lead Scoring & Prioritization 2026
Shorten Sales Cycle,Meeting Scheduling Optimization,Meeting Scheduling Optimization,meeting-scheduling-optimization,Top-Rated Meeting Scheduling Optimization 2026
Improve Deal Closing Rate,Sales Training Platforms,Sales Training Platforms,sales-training-platforms,Industry-Leading Sales Training Platforms 2026
Improve Deal Closing Rate,Contract Management Software,Contract Management Software,contract-management-software,Top-Rated Contract Management Software 2026
Improve Deal Closing Rate,Competitive Intelligence Tools,Competitive Intelligence Tools,competitive-intelligence-tools,Best Competitive Intelligence Tools 2026
Improve Deal Closing Rate,AI-Powered Negotiation Assistants,AI-Powered Negotiation Assistants,ai-powered-negotiation-assistants,Best AI-Powered Negotiation Assistants 2026
Improve Deal Closing Rate,Deal Room & Presentation Tools,Deal Room & Presentation Tools,deal-room-presentation-tools,Top Deal Room & Presentation Tools 2026
Track Sales Pipeline,CRM Systems,CRM Systems,crm-systems,Industry-Leading CRM Systems 2026
Track Sales Pipeline,Pipeline Visualization Tools,Pipeline Visualization Tools,pipeline-visualization-tools,Premier Pipeline Visualization Tools 2026
Track Sales Pipeline,Sales Analytics Platforms,Sales Analytics Platforms,sales-analytics-platforms,Leading Sales Analytics Platforms 2026
Track Sales Pipeline,AI-Powered Pipeline Forecasting Software,AI-Powered Pipeline Forecasting Software,ai-powered-pipeline-forecasting-software,Best AI-Powered Pipeline Forecasting Software 2026
Track Sales Pipeline,Customizable Reporting Solutions,Customizable Reporting Solutions,customizable-reporting-solutions,Top-Rated Customizable Reporting Solutions 2026
Automate Sales Outreach,Email Sequencing Tools,Email Sequencing Tools,email-sequencing-tools,Professional Email Sequencing Tools 2026
Automate Sales Outreach,LinkedIn Automation Software,LinkedIn Automation Software,linkedin-automation-software,Ultimate LinkedIn Automation Software 2026
Automate Sales Outreach,Multi-Channel Outreach Platforms,Multi-Channel Outreach Platforms,multi-channel-outreach-platforms,Top Multi-Channel Outreach Platforms 2026
Automate Sales Outreach,AI-Powered Personalization Engines,AI-Powered Personalization Engines,ai-powered-personalization-engines,Best AI-Powered Personalization Engines 2026
Automate Sales Outreach,CRM-Integrated Dialers,CRM-Integrated Dialers,crm-integrated-dialers,Premier CRM-Integrated Dialers 2026
Improve Proposal & Quotation Process,Proposal Software,Proposal Software,proposal-software,Industry-Leading Proposal Software 2026
Improve Proposal & Quotation Process,CPQ Tools,CPQ Tools,cpq-tools,Industry-Leading CPQ Tools 2026
Improve Proposal & Quotation Process,E-Signature Solutions,E-Signature Solutions,e-signature-solutions,Top E-Signature Solutions 2026
Improve Proposal & Quotation Process,AI-Powered Proposal Content Generators,AI-Powered Proposal Content Generators,ai-powered-proposal-content-generators,Best AI-Powered Proposal Content Generators 2026
Improve Proposal & Quotation Process,Analytics & Tracking Systems,Analytics & Tracking Systems,analytics-tracking-systems,Ultimate Analytics & Tracking Systems 2026
Increase Upsells & Cross-Sells,Product Recommendation Engines,Product Recommendation Engines,product-recommendation-engines,Professional Product Recommendation Engines 2026
Increase Upsells & Cross-Sells,Post-Purchase Automation,Post-Purchase Automation,post-purchase-automation,Ultimate Post-Purchase Automation 2026
Increase Upsells & Cross-Sells,Customer Segmentation Platforms,Customer Segmentation Platforms,customer-segmentation-platforms,Best Customer Segmentation Platforms 2026
Increase Upsells & Cross-Sells,AI-Powered Personalized Offer Systems,AI-Powered Personalized Offer Systems,ai-powered-personalized-offer-systems,Best AI-Powered Personalized Offer Systems 2026
Increase Upsells & Cross-Sells,Loyalty Program Integration,Loyalty Program Integration,loyalty-program-integration,Premier Loyalty Program Integration 2026
Reduce Cart Abandonment,Email Recovery Tools,Email Recovery Tools,email-recovery-tools,Top Email Recovery Tools 2026
Reduce Cart Abandonment Exit-Intent Popups,Reduce Cart Abandonment Checkout Optimization Software,Reduce Cart Abandonment Checkout Optimization Software,reduce-cart-abandonment-checkout-optimization-software,Premier Reduce Cart Abandonment Checkout Optimization Software 2026
Reduce Cart Abandonment Exit-Intent Popups,AI-Powered Abandonment Prediction Systems,AI-Powered Abandonment Prediction Systems,ai-powered-abandonment-prediction-systems,Best AI-Powered Abandonment Prediction Systems 2026
Reduce Cart Abandonment Exit-Intent Popups,Reduce Cart Abandonment SMS & Push Notification Solutions,Reduce Cart Abandonment SMS & Push Notification Solutions,reduce-cart-abandonment-sms-push-notification-solutions,Leading Reduce Cart Abandonment SMS & Push Notification Solutions 2026
Improve E-commerce Conversion,A/B Testing Platforms,A/B Testing Platforms,ab-testing-platforms,Professional A/B Testing Platforms 2026
Improve E-commerce Conversion,Site Speed Optimization Tools,Site Speed Optimization Tools,site-speed-optimization-tools,Industry-Leading Site Speed Optimization Tools 2026
Improve E-commerce Conversion,User Experience Analytics,User Experience Analytics,user-experience-analytics,Industry-Leading User Experience Analytics 2026
Improve E-commerce Conversion,AI-Powered Personalization Engines,AI-Powered Personalization Engines,ai-powered-personalization-engines,Best AI-Powered Personalization Engines 2026
Improve E-commerce Conversion,Mobile Checkout Solutions,Mobile Checkout Solutions,mobile-checkout-solutions,Top-Rated Mobile Checkout Solutions 2026
Manage Multi-Channel Selling,Centralized Inventory Management,Centralized Inventory Management,centralized-inventory-management,Premier Centralized Inventory Management 2026
Manage Multi-Channel Selling,Channel Integration Platforms,Channel Integration Platforms,channel-integration-platforms,Professional Channel Integration Platforms 2026
Manage Multi-Channel Selling,Order Management Systems,Order Management Systems,order-management-systems,Best Order Management Systems 2026
Manage Multi-Channel Selling,AI-Powered Demand Forecasting Tools,AI-Powered Demand Forecasting Tools,ai-powered-demand-forecasting-tools,Best AI-Powered Demand Forecasting Tools 2026
Manage Multi-Channel Selling,Pricing Synchronization Solutions,Pricing Synchronization Solutions,pricing-synchronization-solutions,Premier Pricing Synchronization Solutions 2026
Personalize Customer Offers,Customer Data Platforms (CDP),Customer Data Platforms (CDP),customer-data-platforms-cdp,Leading Customer Data Platforms (CDP) 2026
Personalize Customer Offers,Real-Time Personalization Engines,Real-Time Personalization Engines,real-time-personalization-engines,Premier Real-Time Personalization Engines 2026
Personalize Customer Offers,Segmentation & Targeting Tools,Segmentation & Targeting Tools,segmentation-targeting-tools,Industry-Leading Segmentation & Targeting Tools 2026
Personalize Customer Offers,AI-Powered Offer Optimization Systems,AI-Powered Offer Optimization Systems,ai-powered-offer-optimization-systems,Best AI-Powered Offer Optimization Systems 2026
Personalize Customer Offers,Behavioral Tracking Software,Behavioral Tracking Software,behavioral-tracking-software,Premier Behavioral Tracking Software 2026
Reduce Customer Churn,Customer Success Platforms,Customer Success Platforms,customer-success-platforms,Leading Customer Success Platforms 2026
Reduce Customer Churn,Churn Prediction Analytics,Churn Prediction Analytics,churn-prediction-analytics,Top-Rated Churn Prediction Analytics 2026
Reduce Customer Churn,Engagement Automation,Engagement Automation,engagement-automation,Top-Rated Engagement Automation 2026
Reduce Customer Churn,AI-Powered At-Risk Identification Systems,AI-Powered At-Risk Identification Systems,ai-powered-at-risk-identification-systems,Best AI-Powered At-Risk Identification Systems 2026
Reduce Customer Churn,Retention Campaign Tools,Retention Campaign Tools,retention-campaign-tools,Top Retention Campaign Tools 2026
Improve Customer Support,Help Desk Software,Help Desk Software,help-desk-software,Top Help Desk Software 2026
Improve Customer Support Live Chat & Chatbots,Improve Customer Support Ticketing Systems,Improve Customer Support Ticketing Systems,improve-customer-support-ticketing-systems,Top Improve Customer Support Ticketing Systems 2026
Improve Customer Support Live Chat & Chatbots,AI-Powered Support Automation (Chatbots),AI-Powered Support Automation (Chatbots),ai-powered-support-automation-chatbots,Best AI-Powered Support Automation (Chatbots) 2026
Improve Customer Support Live Chat & Chatbots,Improve Customer Support Omnichannel Support Platforms,Improve Customer Support Omnichannel Support Platforms,improve-customer-support-omnichannel-support-platforms,Top-Rated Improve Customer Support Omnichannel Support Platforms 2026
Improve Customer Support Live Chat & Chatbots,Build Self-Service Help Centers,Build Self-Service Help Centers,build-self-service-help-centers,Leading Build Self-Service Help Centers 2026
Improve Customer Support Live Chat & Chatbots,Build Self-Service Help Centers Knowledge Base Platforms,Build Self-Service Help Centers Knowledge Base Platforms,build-self-service-help-centers-knowledge-base-platforms,Best Build Self-Service Help Centers Knowledge Base Platforms 2026
Improve Customer Support Live Chat & Chatbots,Build Self-Service Help Centers AI Chatbots for Self-Service,Build Self-Service Help Centers AI Chatbots for Self-Service,build-self-service-help-centers-ai-chatbots-for-self-service,Top Build Self-Service Help Centers AI Chatbots for Self-Service 2026
Improve Customer Support Live Chat & Chatbots,Build Self-Service Help Centers FAQ Management Tools,Build Self-Service Help Centers FAQ Management Tools,build-self-service-help-centers-faq-management-tools,Professional Build Self-Service Help Centers FAQ Management Tools 2026
Improve Customer Support Live Chat & Chatbots,AI-Powered Search for Help Centers,AI-Powered Search for Help Centers,ai-powered-search-for-help-centers,Best AI-Powered Search for Help Centers 2026
Improve Customer Support Live Chat & Chatbots,Build Self-Service Help Centers Video Tutorial Builders,Build Self-Service Help Centers Video Tutorial Builders,build-self-service-help-centers-video-tutorial-builders,Top-Rated Build Self-Service Help Centers Video Tutorial Builders 2026
Collect Customer Feedback,Survey Tools,Survey Tools,survey-tools,Top-Rated Survey Tools 2026
Collect Customer Feedback,NPS & CES Platforms,NPS & CES Platforms,nps-ces-platforms,Leading NPS & CES Platforms 2026
Collect Customer Feedback Review & Testimonial Collectors,AI-Powered Sentiment Analysis Systems,AI-Powered Sentiment Analysis Systems,ai-powered-sentiment-analysis-systems,Best AI-Powered Sentiment Analysis Systems 2026
Improve Customer Experience,Journey Mapping Software,Journey Mapping Software,journey-mapping-software,Leading Journey Mapping Software 2026
Improve Customer Experience,Voice of Customer Platforms,Voice of Customer Platforms,voice-of-customer-platforms,Professional Voice of Customer Platforms 2026
Improve Customer Experience,CX Analytics Tools,CX Analytics Tools,cx-analytics-tools,Best CX Analytics Tools 2026
Improve Customer Experience,AI-Powered Personalization Solutions,AI-Powered Personalization Solutions,ai-powered-personalization-solutions,Best AI-Powered Personalization Solutions 2026
Track Customer Satisfaction,NPS Survey Tools,NPS Survey Tools,nps-survey-tools,Premier NPS Survey Tools 2026
Track Customer Satisfaction,Real-Time Feedback Systems,Real-Time Feedback Systems,real-time-feedback-systems,Industry-Leading Real-Time Feedback Systems 2026
Track Customer Satisfaction,CSAT Measurement Platforms,CSAT Measurement Platforms,csat-measurement-platforms,Premier CSAT Measurement Platforms 2026
Track Customer Satisfaction,AI-Powered Sentiment Analysis,AI-Powered Sentiment Analysis,ai-powered-sentiment-analysis,Best AI-Powered Sentiment Analysis 2026
Track Customer Satisfaction,Dashboard & Reporting Tools,Dashboard & Reporting Tools,dashboard-reporting-tools,Best Dashboard & Reporting Tools 2026
Automate Customer Communication,Email Automation Platforms,Email Automation Platforms,email-automation-platforms,Leading Email Automation Platforms 2026
Automate Customer Communication,SMS & Push Notification Tools,SMS & Push Notification Tools,sms-push-notification-tools,Best SMS & Push Notification Tools 2026
Automate Customer Communication,Chatbot Builders,Chatbot Builders,chatbot-builders,Industry-Leading Chatbot Builders 2026
Automate Customer Communication,AI-Powered Personalized Messaging Systems,AI-Powered Personalized Messaging Systems,ai-powered-personalized-messaging-systems,Best AI-Powered Personalized Messaging Systems 2026
Manage Loyalty Programs,Loyalty Platform Software,Loyalty Platform Software,loyalty-platform-software,Premier Loyalty Platform Software 2026
Manage Loyalty Programs,Points & Rewards Management,Points & Rewards Management,points-rewards-management,Leading Points & Rewards Management 2026
Manage Loyalty Programs,Customer Referral Tools,Customer Referral Tools,customer-referral-tools,Professional Customer Referral Tools 2026
Manage Loyalty Programs,AI-Powered Loyalty Personalization Engines,AI-Powered Loyalty Personalization Engines,ai-powered-loyalty-personalization-engines,Best AI-Powered Loyalty Personalization Engines 2026
Manage Loyalty Programs,Analytics & ROI Tracking,Analytics & ROI Tracking,analytics-roi-tracking,Leading Analytics & ROI Tracking 2026
Handle Customer Complaints,Complaint Tracking Systems,Complaint Tracking Systems,complaint-tracking-systems,Leading Complaint Tracking Systems 2026
Handle Customer Complaints,Social Media Monitoring Tools,Social Media Monitoring Tools,social-media-monitoring-tools,Industry-Leading Social Media Monitoring Tools 2026
Handle Customer Complaints,Customer Service Automation,Customer Service Automation,customer-service-automation,Premier Customer Service Automation 2026
Handle Customer Complaints,AI-Powered Complaint Categorization,AI-Powered Complaint Categorization,ai-powered-complaint-categorization,Best AI-Powered Complaint Categorization 2026
Handle Customer Complaints,Root Cause Analysis Software,Root Cause Analysis Software,root-cause-analysis-software,Best Root Cause Analysis Software 2026
Improve Onboarding Experience,User Onboarding Software,User Onboarding Software,user-onboarding-software,Premier User Onboarding Software 2026
Improve Onboarding Experience,Interactive Walkthrough Tools,Interactive Walkthrough Tools,interactive-walkthrough-tools,Top Interactive Walkthrough Tools 2026
Improve Onboarding Experience,Video Tutorial Platforms,Video Tutorial Platforms,video-tutorial-platforms,Industry-Leading Video Tutorial Platforms 2026
Improve Onboarding Experience,AI-Powered Personalized Onboarding Flows,AI-Powered Personalized Onboarding Flows,ai-powered-personalized-onboarding-flows,Best AI-Powered Personalized Onboarding Flows 2026
Improve Onboarding Experience,Progress Tracking Systems,Progress Tracking Systems,progress-tracking-systems,Top Progress Tracking Systems 2026
Automate Marketing Campaigns,Marketing Automation Platforms,Marketing Automation Platforms,marketing-automation-platforms,Best Marketing Automation Platforms 2026
Automate Marketing Campaigns,Multi-Channel Campaign Tools,Multi-Channel Campaign Tools,multi-channel-campaign-tools,Top Multi-Channel Campaign Tools 2026
Automate Marketing Campaigns,Personalization Engines,Personalization Engines,personalization-engines,Professional Personalization Engines 2026
Automate Marketing Campaigns,AI-Powered Campaign Optimization Systems,AI-Powered Campaign Optimization Systems,ai-powered-campaign-optimization-systems,Best AI-Powered Campaign Optimization Systems 2026
Automate Marketing Campaigns,Lead Nurturing Software,Lead Nurturing Software,lead-nurturing-software,Industry-Leading Lead Nurturing Software 2026
Automate Marketing Campaigns,Improve Marketing ROI Tracking,Improve Marketing ROI Tracking,improve-marketing-roi-tracking,Professional Improve Marketing ROI Tracking 2026
Automate Marketing Campaigns,Improve Marketing ROI Tracking Attribution Platforms,Improve Marketing ROI Tracking Attribution Platforms,improve-marketing-roi-tracking-attribution-platforms,Top Improve Marketing ROI Tracking Attribution Platforms 2026
Automate Marketing Campaigns,Improve Marketing ROI Tracking Multi-Touch Analytics Tools,Improve Marketing ROI Tracking Multi-Touch Analytics Tools,improve-marketing-roi-tracking-multi-touch-analytics-tools,Professional Improve Marketing ROI Tracking Multi-Touch Analytics Tools 2026
Automate Marketing Campaigns,Improve Marketing ROI Tracking Custom Dashboards,Improve Marketing ROI Tracking Custom Dashboards,improve-marketing-roi-tracking-custom-dashboards,Industry-Leading Improve Marketing ROI Tracking Custom Dashboards 2026
Automate Marketing Campaigns,AI-Powered Predictive ROI Models,AI-Powered Predictive ROI Models,ai-powered-predictive-roi-models,Best AI-Powered Predictive ROI Models 2026
Automate Marketing Campaigns,Improve Marketing ROI Tracking Campaign Cost Management,Improve Marketing ROI Tracking Campaign Cost Management,improve-marketing-roi-tracking-campaign-cost-management,Industry-Leading Improve Marketing ROI Tracking Campaign Cost Management 2026
Optimize Ad Spend,Bid Management Platforms,Bid Management Platforms,bid-management-platforms,Top-Rated Bid Management Platforms 2026
Optimize Ad Spend,Budget Allocation Tools,Budget Allocation Tools,budget-allocation-tools,Leading Budget Allocation Tools 2026
Optimize Ad Spend,Performance Analytics,Performance Analytics,performance-analytics,Premier Performance Analytics 2026
Optimize Ad Spend,AI-Powered Ad Optimization Algorithms,AI-Powered Ad Optimization Algorithms,ai-powered-ad-optimization-algorithms,Best AI-Powered Ad Optimization Algorithms 2026
Optimize Ad Spend,Fraud Detection Software,Fraud Detection Software,fraud-detection-software,Leading Fraud Detection Software 2026
Create Content Faster Content Templates & Libraries,Create Content Faster Collaboration & Workflow Tools,Create Content Faster Collaboration & Workflow Tools,create-content-faster-collaboration-workflow-tools,Top-Rated Create Content Faster Collaboration & Workflow Tools 2026
Create Content Faster Content Templates & Libraries,AI-Powered Content Generation Platforms,AI-Powered Content Generation Platforms,ai-powered-content-generation-platforms,Best AI-Powered Content Generation Platforms 2026
Create Content Faster Content Templates & Libraries,Create Content Faster Repurposing & Automation Tools,Create Content Faster Repurposing & Automation Tools,create-content-faster-repurposing-automation-tools,Premier Create Content Faster Repurposing & Automation Tools 2026
Manage Influencer Campaigns,Influencer Discovery Platforms,Influencer Discovery Platforms,influencer-discovery-platforms,Top Influencer Discovery Platforms 2026
Manage Influencer Campaigns,Campaign Management Software,Campaign Management Software,campaign-management-software,Top Campaign Management Software 2026
Manage Influencer Campaigns,Relationship Management Tools,Relationship Management Tools,relationship-management-tools,Professional Relationship Management Tools 2026
Manage Influencer Campaigns,AI-Powered Influencer Matching Systems,AI-Powered Influencer Matching Systems,ai-powered-influencer-matching-systems,Best AI-Powered Influencer Matching Systems 2026
Manage Influencer Campaigns,Performance Analytics,Performance Analytics,performance-analytics,Premier Performance Analytics 2026
Improve Email Deliverability,Email Authentication Tools,Email Authentication Tools,email-authentication-tools,Industry-Leading Email Authentication Tools 2026
Improve Email Deliverability,Deliverability Testing Platforms,Deliverability Testing Platforms,deliverability-testing-platforms,Top-Rated Deliverability Testing Platforms 2026
Improve Email Deliverability,Blacklist Monitoring Services,Blacklist Monitoring Services,blacklist-monitoring-services,Top-Rated Blacklist Monitoring Services 2026
Improve Email Deliverability,AI-Powered Email Content Optimization,AI-Powered Email Content Optimization,ai-powered-email-content-optimization,Best AI-Powered Email Content Optimization 2026
Improve Email Deliverability,Reputation Management Systems,Reputation Management Systems,reputation-management-systems,Top Reputation Management Systems 2026
Analyze Competitors,Competitive Intelligence Tools,Competitive Intelligence Tools,competitive-intelligence-tools,Best Competitive Intelligence Tools 2026
Analyze Competitors,Social Media Monitoring Platforms,Social Media Monitoring Platforms,social-media-monitoring-platforms,Premier Social Media Monitoring Platforms 2026
Analyze Competitors Website Traffic Estimators,AI-Powered Competitor Analysis Systems,AI-Powered Competitor Analysis Systems,ai-powered-competitor-analysis-systems,Best AI-Powered Competitor Analysis Systems 2026
Conduct Market Research,Survey & Poll Platforms,Survey & Poll Platforms,survey-poll-platforms,Ultimate Survey & Poll Platforms 2026
Conduct Market Research,Focus Group Software,Focus Group Software,focus-group-software,Professional Focus Group Software 2026
Conduct Market Research,Data Analytics Tools,Data Analytics Tools,data-analytics-tools,Professional Data Analytics Tools 2026
Conduct Market Research,AI-Powered Consumer Insights Engines,AI-Powered Consumer Insights Engines,ai-powered-consumer-insights-engines,Best AI-Powered Consumer Insights Engines 2026
Conduct Market Research,Trend Analysis Systems,Trend Analysis Systems,trend-analysis-systems,Top-Rated Trend Analysis Systems 2026
Optimize Pricing Strategy,Price Optimization Software,Price Optimization Software,price-optimization-software,Industry-Leading Price Optimization Software 2026
Optimize Pricing Strategy,Competitor Price Monitoring,Competitor Price Monitoring,competitor-price-monitoring,Professional Competitor Price Monitoring 2026
Optimize Pricing Strategy,Dynamic Pricing Engines,Dynamic Pricing Engines,dynamic-pricing-engines,Top-Rated Dynamic Pricing Engines 2026
Optimize Pricing Strategy,AI-Powered Demand-Based Pricing Models,AI-Powered Demand-Based Pricing Models,ai-powered-demand-based-pricing-models,Best AI-Powered Demand-Based Pricing Models 2026
Optimize Pricing Strategy,Pricing Analytics Platforms,Pricing Analytics Platforms,pricing-analytics-platforms,Top-Rated Pricing Analytics Platforms 2026
Measure Brand Performance,Brand Tracking Surveys,Brand Tracking Surveys,brand-tracking-surveys,Industry-Leading Brand Tracking Surveys 2026
Measure Brand Performance,Social Listening Tools,Social Listening Tools,social-listening-tools,Top Social Listening Tools 2026
Measure Brand Performance,Sentiment Analysis Platforms,Sentiment Analysis Platforms,sentiment-analysis-platforms,Professional Sentiment Analysis Platforms 2026
Measure Brand Performance,AI-Powered Brand Health Dashboards,AI-Powered Brand Health Dashboards,ai-powered-brand-health-dashboards,Best AI-Powered Brand Health Dashboards 2026
Measure Brand Performance,Share of Voice Analytics,Share of Voice Analytics,share-of-voice-analytics,Professional Share of Voice Analytics 2026
Automate Repetitive Work,Robotic Process Automation (RPA),Robotic Process Automation (RPA),robotic-process-automation-rpa,Premier Robotic Process Automation (RPA) 2026
Automate Repetitive Work,Workflow Automation Platforms,Workflow Automation Platforms,workflow-automation-platforms,Best Workflow Automation Platforms 2026
Automate Repetitive Work,Macro & Scripting Tools,Macro & Scripting Tools,macro-scripting-tools,Best Macro & Scripting Tools 2026
Automate Repetitive Work,AI-Powered Task Automation Systems,AI-Powered Task Automation Systems,ai-powered-task-automation-systems,Best AI-Powered Task Automation Systems 2026
Automate Repetitive Work,Integration & API Connectors,Integration & API Connectors,integration-api-connectors,Top-Rated Integration & API Connectors 2026
Improve Team Collaboration,Team Messaging Platforms,Team Messaging Platforms,team-messaging-platforms,Best Team Messaging Platforms 2026
Improve Team Collaboration,Project Management Software,Project Management Software,project-management-software,Premier Project Management Software 2026
Improve Team Collaboration,Document Collaboration Tools,Document Collaboration Tools,document-collaboration-tools,Industry-Leading Document Collaboration Tools 2026
Improve Team Collaboration,AI-Powered Meeting Assistants,AI-Powered Meeting Assistants,ai-powered-meeting-assistants,Best AI-Powered Meeting Assistants 2026
Manage Remote Teams,Remote Work Management Platforms,Remote Work Management Platforms,remote-work-management-platforms,Top Remote Work Management Platforms 2026
Manage Remote Teams,Time Tracking & Productivity Tools,Time Tracking & Productivity Tools,time-tracking-productivity-tools,Top-Rated Time Tracking & Productivity Tools 2026
Manage Remote Teams,Virtual Communication Software,Virtual Communication Software,virtual-communication-software,Ultimate Virtual Communication Software 2026
Manage Remote Teams,AI-Powered Remote Employee Engagement Systems,AI-Powered Remote Employee Engagement Systems,ai-powered-remote-employee-engagement-systems,Best AI-Powered Remote Employee Engagement Systems 2026
Manage Remote Teams,Asynchronous Collaboration Tools,Asynchronous Collaboration Tools,asynchronous-collaboration-tools,Industry-Leading Asynchronous Collaboration Tools 2026
Centralize Company Knowledge,Internal Wiki Platforms,Internal Wiki Platforms,internal-wiki-platforms,Leading Internal Wiki Platforms 2026
Centralize Company Knowledge,Document Management Systems,Document Management Systems,document-management-systems,Ultimate Document Management Systems 2026
Centralize Company Knowledge,Enterprise Search Tools,Enterprise Search Tools,enterprise-search-tools,Best Enterprise Search Tools 2026
Centralize Company Knowledge,AI-Powered Knowledge Discovery Engines,AI-Powered Knowledge Discovery Engines,ai-powered-knowledge-discovery-engines,Best AI-Powered Knowledge Discovery Engines 2026
Centralize Company Knowledge Collaborative Note-Taking Apps,Improve Project Management,Improve Project Management,improve-project-management,Premier Improve Project Management 2026
Centralize Company Knowledge Collaborative Note-Taking Apps,Improve Project Management Agile/Scrum Software,Improve Project Management Agile/Scrum Software,improve-project-management-agilescrum-software,Professional Improve Project Management Agile/Scrum Software 2026
Centralize Company Knowledge Collaborative Note-Taking Apps,Improve Project Management Gantt Chart Tools,Improve Project Management Gantt Chart Tools,improve-project-management-gantt-chart-tools,Professional Improve Project Management Gantt Chart Tools 2026
Centralize Company Knowledge Collaborative Note-Taking Apps,Improve Project Management Resource Management Platforms,Improve Project Management Resource Management Platforms,improve-project-management-resource-management-platforms,Top Improve Project Management Resource Management Platforms 2026
Centralize Company Knowledge Collaborative Note-Taking Apps,AI-Powered Project Risk Prediction Systems,AI-Powered Project Risk Prediction Systems,ai-powered-project-risk-prediction-systems,Best AI-Powered Project Risk Prediction Systems 2026
Centralize Company Knowledge Collaborative Note-Taking Apps,Improve Project Management Time Tracking Integration,Improve Project Management Time Tracking Integration,improve-project-management-time-tracking-integration,Top-Rated Improve Project Management Time Tracking Integration 2026
Reduce Operational Costs,Expense Management Software,Expense Management Software,expense-management-software,Top-Rated Expense Management Software 2026
Reduce Operational Costs,Process Automation Tools,Process Automation Tools,process-automation-tools,Top Process Automation Tools 2026
Reduce Operational Costs,Vendor Management Platforms,Vendor Management Platforms,vendor-management-platforms,Ultimate Vendor Management Platforms 2026
Reduce Operational Costs,AI-Powered Cost Optimization Systems,AI-Powered Cost Optimization Systems,ai-powered-cost-optimization-systems,Best AI-Powered Cost Optimization Systems 2026
Reduce Operational Costs,Energy Management Solutions,Energy Management Solutions,energy-management-solutions,Top Energy Management Solutions 2026
Track Employee Productivity,Time Tracking Software,Time Tracking Software,time-tracking-software,Professional Time Tracking Software 2026
Track Employee Productivity,Activity Monitoring Tools,Activity Monitoring Tools,activity-monitoring-tools,Leading Activity Monitoring Tools 2026
Track Employee Productivity,Project Analytics Platforms,Project Analytics Platforms,project-analytics-platforms,Professional Project Analytics Platforms 2026
Track Employee Productivity,AI-Powered Productivity Insights Systems,AI-Powered Productivity Insights Systems,ai-powered-productivity-insights-systems,Best AI-Powered Productivity Insights Systems 2026
Track Employee Productivity,Goal Tracking Solutions,Goal Tracking Solutions,goal-tracking-solutions,Best Goal Tracking Solutions 2026
Improve Workflow Visibility,Process Mapping Software,Process Mapping Software,process-mapping-software,Premier Process Mapping Software 2026
Improve Workflow Visibility,Real-Time Dashboards,Real-Time Dashboards,real-time-dashboards,Top Real-Time Dashboards 2026
Improve Workflow Visibility,Workflow Analytics Platforms,Workflow Analytics Platforms,workflow-analytics-platforms,Top Workflow Analytics Platforms 2026
Improve Workflow Visibility,AI-Powered Bottleneck Detection Systems,AI-Powered Bottleneck Detection Systems,ai-powered-bottleneck-detection-systems,Best AI-Powered Bottleneck Detection Systems 2026
Improve Workflow Visibility,Task Tracking Tools,Task Tracking Tools,task-tracking-tools,Top-Rated Task Tracking Tools 2026
Reduce Manual Errors,Automated Data Entry Tools,Automated Data Entry Tools,automated-data-entry-tools,Ultimate Automated Data Entry Tools 2026
Reduce Manual Errors,Validation & Verification Software,Validation & Verification Software,validation-verification-software,Top Validation & Verification Software 2026
Reduce Manual Errors,Workflow Automation Platforms,Workflow Automation Platforms,workflow-automation-platforms,Best Workflow Automation Platforms 2026
Reduce Manual Errors,AI-Powered Error Detection Systems,AI-Powered Error Detection Systems,ai-powered-error-detection-systems,Best AI-Powered Error Detection Systems 2026
Reduce Manual Errors,Audit Trail & Logging Tools,Audit Trail & Logging Tools,audit-trail-logging-tools,Industry-Leading Audit Trail & Logging Tools 2026
Improve Internal Communication,Company Intranet Platforms,Company Intranet Platforms,company-intranet-platforms,Professional Company Intranet Platforms 2026
Improve Internal Communication Team Messaging Apps,Improve Internal Communication Employee Newsletter Tools,Improve Internal Communication Employee Newsletter Tools,improve-internal-communication-employee-newsletter-tools,Best Improve Internal Communication Employee Newsletter Tools 2026
Improve Internal Communication Team Messaging Apps,AI-Powered Communication Assistants,AI-Powered Communication Assistants,ai-powered-communication-assistants,Best AI-Powered Communication Assistants 2026
Improve Internal Communication Team Messaging Apps,Improve Internal Communication Video Conferencing Solutions,Improve Internal Communication Video Conferencing Solutions,improve-internal-communication-video-conferencing-solutions,Industry-Leading Improve Internal Communication Video Conferencing Solutions 2026
Hire Faster,Applicant Tracking Systems (ATS),Applicant Tracking Systems (ATS),applicant-tracking-systems-ats,Best Applicant Tracking Systems (ATS) 2026
Hire Faster,Job Distribution Platforms,Job Distribution Platforms,job-distribution-platforms,Best Job Distribution Platforms 2026
Hire Faster,Candidate Sourcing Tools,Candidate Sourcing Tools,candidate-sourcing-tools,Top Candidate Sourcing Tools 2026
Hire Faster,AI-Powered Resume Screening Systems,AI-Powered Resume Screening Systems,ai-powered-resume-screening-systems,Best AI-Powered Resume Screening Systems 2026
Improve Candidate Screening,Pre-Employment Testing Platforms,Pre-Employment Testing Platforms,pre-employment-testing-platforms,Top Pre-Employment Testing Platforms 2026
Improve Candidate Screening,Video Interview Tools,Video Interview Tools,video-interview-tools,Premier Video Interview Tools 2026
Improve Candidate Screening,Background Check Software,Background Check Software,background-check-software,Premier Background Check Software 2026
Improve Candidate Screening,AI-Powered Skill Matching Systems,AI-Powered Skill Matching Systems,ai-powered-skill-matching-systems,Best AI-Powered Skill Matching Systems 2026
Improve Candidate Screening,Resume Parsing Tools,Resume Parsing Tools,resume-parsing-tools,Industry-Leading Resume Parsing Tools 2026
Automate Interview Scheduling,Calendar Management Tools,Calendar Management Tools,calendar-management-tools,Leading Calendar Management Tools 2026
Automate Interview Scheduling,Email Automation for Interviews,Email Automation for Interviews,email-automation-for-interviews,Leading Email Automation for Interviews 2026
Automate Interview Scheduling,Video Interview Platforms,Video Interview Platforms,video-interview-platforms,Ultimate Video Interview Platforms 2026
Automate Interview Scheduling,AI-Powered Scheduling Assistants,AI-Powered Scheduling Assistants,ai-powered-scheduling-assistants,Best AI-Powered Scheduling Assistants 2026
Automate Interview Scheduling,Candidate Self-Scheduling Portals,Candidate Self-Scheduling Portals,candidate-self-scheduling-portals,Ultimate Candidate Self-Scheduling Portals 2026
Onboard Employees Efficiently,Employee Onboarding Software,Employee Onboarding Software,employee-onboarding-software,Top-Rated Employee Onboarding Software 2026
Onboard Employees Efficiently,Paperwork Automation Tools,Paperwork Automation Tools,paperwork-automation-tools,Best Paperwork Automation Tools 2026
Onboard Employees Efficiently,Training & Orientation Platforms,Training & Orientation Platforms,training-orientation-platforms,Premier Training & Orientation Platforms 2026
Onboard Employees Efficiently,AI-Powered Personalized Onboarding Plans,AI-Powered Personalized Onboarding Plans,ai-powered-personalized-onboarding-plans,Best AI-Powered Personalized Onboarding Plans 2026
Onboard Employees Efficiently,Task Checklist Systems,Task Checklist Systems,task-checklist-systems,Leading Task Checklist Systems 2026
Track Employee Performance,Performance Management Software,Performance Management Software,performance-management-software,Leading Performance Management Software 2026
Track Employee Performance,360-Degree Feedback Tools,360-Degree Feedback Tools,360-degree-feedback-tools,Top 360-Degree Feedback Tools 2026
Track Employee Performance,Goal Setting Platforms (OKR),Goal Setting Platforms (OKR),goal-setting-platforms-okr,Best Goal Setting Platforms (OKR) 2026
Track Employee Performance,AI-Powered Performance Analytics,AI-Powered Performance Analytics,ai-powered-performance-analytics,Best AI-Powered Performance Analytics 2026
Track Employee Performance,Continuous Feedback Systems,Continuous Feedback Systems,continuous-feedback-systems,Industry-Leading Continuous Feedback Systems 2026
Manage Payroll & Benefits,Payroll Processing Software,Payroll Processing Software,payroll-processing-software,Top-Rated Payroll Processing Software 2026
Manage Payroll & Benefits,Benefits Administration Platforms,Benefits Administration Platforms,benefits-administration-platforms,Industry-Leading Benefits Administration Platforms 2026
Manage Payroll & Benefits,Time & Attendance Systems,Time & Attendance Systems,time-attendance-systems,Top-Rated Time & Attendance Systems 2026
Manage Payroll & Benefits,AI-Powered Payroll Compliance Tools,AI-Powered Payroll Compliance Tools,ai-powered-payroll-compliance-tools,Best AI-Powered Payroll Compliance Tools 2026
Manage Payroll & Benefits,Employee Self-Service Portals,Employee Self-Service Portals,employee-self-service-portals,Top-Rated Employee Self-Service Portals 2026
Improve Employee Engagement,Employee Pulse Survey Tools,Employee Pulse Survey Tools,employee-pulse-survey-tools,Ultimate Employee Pulse Survey Tools 2026
Improve Employee Engagement,Recognition & Rewards Platforms,Recognition & Rewards Platforms,recognition-rewards-platforms,Leading Recognition & Rewards Platforms 2026
Improve Employee Engagement Internal Communication Apps,AI-Powered Engagement Analytics,AI-Powered Engagement Analytics,ai-powered-engagement-analytics,Best AI-Powered Engagement Analytics 2026
Improve Employee Engagement Internal Communication Apps,Improve Employee Engagement Wellness Program Software,Improve Employee Engagement Wellness Program Software,improve-employee-engagement-wellness-program-software,Ultimate Improve Employee Engagement Wellness Program Software 2026
Reduce Employee Turnover,Retention Analytics Platforms,Retention Analytics Platforms,retention-analytics-platforms,Ultimate Retention Analytics Platforms 2026
Reduce Employee Turnover,Exit Interview Tools,Exit Interview Tools,exit-interview-tools,Ultimate Exit Interview Tools 2026
Reduce Employee Turnover,Career Pathing Software,Career Pathing Software,career-pathing-software,Premier Career Pathing Software 2026
Reduce Employee Turnover,AI-Powered Attrition Prediction Systems,AI-Powered Attrition Prediction Systems,ai-powered-attrition-prediction-systems,Best AI-Powered Attrition Prediction Systems 2026
Reduce Employee Turnover,Employee Feedback Systems,Employee Feedback Systems,employee-feedback-systems,Top Employee Feedback Systems 2026
Train & Upskill Employees,Learning Management Systems (LMS),Learning Management Systems (LMS),learning-management-systems-lms,Premier Learning Management Systems (LMS) 2026
Train & Upskill Employees,Microlearning Platforms,Microlearning Platforms,microlearning-platforms,Top-Rated Microlearning Platforms 2026
Train & Upskill Employees,Skill Assessment Tools,Skill Assessment Tools,skill-assessment-tools,Industry-Leading Skill Assessment Tools 2026
Train & Upskill Employees,AI-Powered Personalized Learning Paths,AI-Powered Personalized Learning Paths,ai-powered-personalized-learning-paths,Best AI-Powered Personalized Learning Paths 2026
Train & Upskill Employees,Virtual Training & Webinar Software,Virtual Training & Webinar Software,virtual-training-webinar-software,Top-Rated Virtual Training & Webinar Software 2026
Manage HR Compliance,Compliance Tracking Software,Compliance Tracking Software,compliance-tracking-software,Industry-Leading Compliance Tracking Software 2026
Manage HR Compliance,Policy Management Platforms,Policy Management Platforms,policy-management-platforms,Industry-Leading Policy Management Platforms 2026
Manage HR Compliance Employee Document Storage,AI-Powered Regulatory Updates Monitors,AI-Powered Regulatory Updates Monitors,ai-powered-regulatory-updates-monitors,Best AI-Powered Regulatory Updates Monitors 2026
Manage HR Compliance Employee Document Storage,Manage HR Compliance Audit Trail Systems,Manage HR Compliance Audit Trail Systems,manage-hr-compliance-audit-trail-systems,Top Manage HR Compliance Audit Trail Systems 2026
Improve Cash Flow,Invoicing & Billing Software,Invoicing & Billing Software,invoicing-billing-software,Premier Invoicing & Billing Software 2026
Improve Cash Flow,Expense Management Tools,Expense Management Tools,expense-management-tools,Leading Expense Management Tools 2026
Improve Cash Flow,Cash Flow Forecasting Platforms,Cash Flow Forecasting Platforms,cash-flow-forecasting-platforms,Top Cash Flow Forecasting Platforms 2026
Improve Cash Flow,AI-Powered Cash Flow Optimization Systems,AI-Powered Cash Flow Optimization Systems,ai-powered-cash-flow-optimization-systems,Best AI-Powered Cash Flow Optimization Systems 2026
Improve Cash Flow,Payment Collection Solutions,Payment Collection Solutions,payment-collection-solutions,Top-Rated Payment Collection Solutions 2026
Simplify Invoicing,Online Invoicing Software,Online Invoicing Software,online-invoicing-software,Industry-Leading Online Invoicing Software 2026
Simplify Invoicing Automated Invoice Generation,Simplify Invoicing Recurring Billing Platforms,Simplify Invoicing Recurring Billing Platforms,simplify-invoicing-recurring-billing-platforms,Leading Simplify Invoicing Recurring Billing Platforms 2026
Simplify Invoicing Automated Invoice Generation,AI-Powered Invoice Matching Systems,AI-Powered Invoice Matching Systems,ai-powered-invoice-matching-systems,Best AI-Powered Invoice Matching Systems 2026
Simplify Invoicing Automated Invoice Generation,Simplify Invoicing Payment Reminder Tools,Simplify Invoicing Payment Reminder Tools,simplify-invoicing-payment-reminder-tools,Best Simplify Invoicing Payment Reminder Tools 2026
Track Expenses,Expense Reporting Software,Expense Reporting Software,expense-reporting-software,Premier Expense Reporting Software 2026
Track Expenses Receipt Scanning Apps,Track Expenses Corporate Card Management Platforms,Track Expenses Corporate Card Management Platforms,track-expenses-corporate-card-management-platforms,Top-Rated Track Expenses Corporate Card Management Platforms 2026
Track Expenses Receipt Scanning Apps,AI-Powered Expense Categorization Systems,AI-Powered Expense Categorization Systems,ai-powered-expense-categorization-systems,Best AI-Powered Expense Categorization Systems 2026
Track Expenses Receipt Scanning Apps,Track Expenses Real-Time Expense Dashboards,Track Expenses Real-Time Expense Dashboards,track-expenses-real-time-expense-dashboards,Top Track Expenses Real-Time Expense Dashboards 2026
Forecast Revenue,Revenue Forecasting Software,Revenue Forecasting Software,revenue-forecasting-software,Leading Revenue Forecasting Software 2026
Forecast Revenue,Predictive Analytics Platforms,Predictive Analytics Platforms,predictive-analytics-platforms,Leading Predictive Analytics Platforms 2026
Forecast Revenue,Sales Forecasting Tools,Sales Forecasting Tools,sales-forecasting-tools,Ultimate Sales Forecasting Tools 2026
Forecast Revenue,AI-Powered Financial Modeling Systems,AI-Powered Financial Modeling Systems,ai-powered-financial-modeling-systems,Best AI-Powered Financial Modeling Systems 2026
Forecast Revenue,Scenario Planning Tools,Scenario Planning Tools,scenario-planning-tools,Top-Rated Scenario Planning Tools 2026
Manage Subscriptions & Billing,Subscription Management Platforms,Subscription Management Platforms,subscription-management-platforms,Top Subscription Management Platforms 2026
Manage Subscriptions & Billing,Recurring Billing Software,Recurring Billing Software,recurring-billing-software,Industry-Leading Recurring Billing Software 2026
Manage Subscriptions & Billing,Dunning Management Tools,Dunning Management Tools,dunning-management-tools,Top Dunning Management Tools 2026
Manage Subscriptions & Billing,AI-Powered Churn Prevention Systems,AI-Powered Churn Prevention Systems,ai-powered-churn-prevention-systems,Best AI-Powered Churn Prevention Systems 2026
Manage Subscriptions & Billing,Usage-Based Billing Solutions,Usage-Based Billing Solutions,usage-based-billing-solutions,Top-Rated Usage-Based Billing Solutions 2026
Reduce Financial Errors,Automated Reconciliation Tools,Automated Reconciliation Tools,automated-reconciliation-tools,Industry-Leading Automated Reconciliation Tools 2026
Reduce Financial Errors,Double-Entry Verification Software,Double-Entry Verification Software,double-entry-verification-software,Best Double-Entry Verification Software 2026
Reduce Financial Errors,Audit & Compliance Platforms,Audit & Compliance Platforms,audit-compliance-platforms,Leading Audit & Compliance Platforms 2026
Reduce Financial Errors,AI-Powered Anomaly Detection Systems,AI-Powered Anomaly Detection Systems,ai-powered-anomaly-detection-systems,Best AI-Powered Anomaly Detection Systems 2026
Reduce Financial Errors,Transaction Monitoring Tools,Transaction Monitoring Tools,transaction-monitoring-tools,Premier Transaction Monitoring Tools 2026
Detect Fraud,Fraud Detection Software,Fraud Detection Software,fraud-detection-software,Leading Fraud Detection Software 2026
Detect Fraud,Identity Verification Tools,Identity Verification Tools,identity-verification-tools,Premier Identity Verification Tools 2026
Detect Fraud,Transaction Monitoring Platforms,Transaction Monitoring Platforms,transaction-monitoring-platforms,Top-Rated Transaction Monitoring Platforms 2026
Detect Fraud,AI-Powered Fraud Pattern Recognition Systems,AI-Powered Fraud Pattern Recognition Systems,ai-powered-fraud-pattern-recognition-systems,Best AI-Powered Fraud Pattern Recognition Systems 2026
Detect Fraud,Behavioral Analytics Solutions,Behavioral Analytics Solutions,behavioral-analytics-solutions,Leading Behavioral Analytics Solutions 2026
Optimize Budget Planning,Budgeting & Forecasting Software,Budgeting & Forecasting Software,budgeting-forecasting-software,Top-Rated Budgeting & Forecasting Software 2026
Optimize Budget Planning,Scenario Modeling Tools,Scenario Modeling Tools,scenario-modeling-tools,Top Scenario Modeling Tools 2026
Optimize Budget Planning,Expense Allocation Platforms,Expense Allocation Platforms,expense-allocation-platforms,Professional Expense Allocation Platforms 2026
Optimize Budget Planning,AI-Powered Budget Optimization Systems,AI-Powered Budget Optimization Systems,ai-powered-budget-optimization-systems,Best AI-Powered Budget Optimization Systems 2026
Optimize Budget Planning,Zero-Based Budgeting Tools,Zero-Based Budgeting Tools,zero-based-budgeting-tools,Leading Zero-Based Budgeting Tools 2026
Manage Taxes Efficiently,Tax Preparation Software,Tax Preparation Software,tax-preparation-software,Premier Tax Preparation Software 2026
Manage Taxes Efficiently,Sales Tax Automation Tools,Sales Tax Automation Tools,sales-tax-automation-tools,Best Sales Tax Automation Tools 2026
Manage Taxes Efficiently,International Tax Compliance Platforms,International Tax Compliance Platforms,international-tax-compliance-platforms,Ultimate International Tax Compliance Platforms 2026
Manage Taxes Efficiently,AI-Powered Tax Research Systems,AI-Powered Tax Research Systems,ai-powered-tax-research-systems,Best AI-Powered Tax Research Systems 2026
Manage Taxes Efficiently,E-Filing Solutions,E-Filing Solutions,e-filing-solutions,Leading E-Filing Solutions 2026
Ensure Regulatory Compliance,Compliance Management Software,Compliance Management Software,compliance-management-software,Premier Compliance Management Software 2026
Ensure Regulatory Compliance,Policy & Procedure Automation,Policy & Procedure Automation,policy-procedure-automation,Premier Policy & Procedure Automation 2026
Ensure Regulatory Compliance,Audit Trail Systems,Audit Trail Systems,audit-trail-systems,Professional Audit Trail Systems 2026
Ensure Regulatory Compliance,AI-Powered Regulatory Change Monitoring,AI-Powered Regulatory Change Monitoring,ai-powered-regulatory-change-monitoring,Best AI-Powered Regulatory Change Monitoring 2026
Ensure Regulatory Compliance,Risk Assessment Tools,Risk Assessment Tools,risk-assessment-tools,Premier Risk Assessment Tools 2026
Improve Cybersecurity,Endpoint Protection Platforms,Endpoint Protection Platforms,endpoint-protection-platforms,Professional Endpoint Protection Platforms 2026
Improve Cybersecurity,Network Security Tools,Network Security Tools,network-security-tools,Top-Rated Network Security Tools 2026
Improve Cybersecurity,Identity & Access Management,Identity & Access Management,identity-access-management,Premier Identity & Access Management 2026
Improve Cybersecurity,AI-Powered Threat Detection Systems,AI-Powered Threat Detection Systems,ai-powered-threat-detection-systems,Best AI-Powered Threat Detection Systems 2026
Monitor IT Infrastructure,Infrastructure Monitoring Tools,Infrastructure Monitoring Tools,infrastructure-monitoring-tools,Top Infrastructure Monitoring Tools 2026
Monitor IT Infrastructure,Application Performance Monitoring,Application Performance Monitoring,application-performance-monitoring,Top-Rated Application Performance Monitoring 2026
Monitor IT Infrastructure,Log Management Platforms,Log Management Platforms,log-management-platforms,Premier Log Management Platforms 2026
Monitor IT Infrastructure,AI-Powered Anomaly Detection Systems,AI-Powered Anomaly Detection Systems,ai-powered-anomaly-detection-systems,Best AI-Powered Anomaly Detection Systems 2026
Reduce Downtime,Incident Management Platforms,Incident Management Platforms,incident-management-platforms,Top-Rated Incident Management Platforms 2026
Reduce Downtime,High Availability Solutions,High Availability Solutions,high-availability-solutions,Best High Availability Solutions 2026
Reduce Downtime,Disaster Recovery Software,Disaster Recovery Software,disaster-recovery-software,Premier Disaster Recovery Software 2026
Reduce Downtime,AI-Powered Predictive Maintenance Systems,AI-Powered Predictive Maintenance Systems,ai-powered-predictive-maintenance-systems,Best AI-Powered Predictive Maintenance Systems 2026
Reduce Downtime,Automated Alerting Tools,Automated Alerting Tools,automated-alerting-tools,Top-Rated Automated Alerting Tools 2026
Reduce Downtime,Automate Software Deployment,Automate Software Deployment,automate-software-deployment,Industry-Leading Automate Software Deployment 2026
Reduce Downtime,Automate Software Deployment CI/CD Platforms,Automate Software Deployment CI/CD Platforms,automate-software-deployment-cicd-platforms,Industry-Leading Automate Software Deployment CI/CD Platforms 2026
Reduce Downtime,Automate Software Deployment Configuration Management Tools,Automate Software Deployment Configuration Management Tools,automate-software-deployment-configuration-management-tools,Top Automate Software Deployment Configuration Management Tools 2026
Reduce Downtime,Automate Software Deployment Container Orchestration Systems,Automate Software Deployment Container Orchestration Systems,automate-software-deployment-container-orchestration-systems,Premier Automate Software Deployment Container Orchestration Systems 2026
Reduce Downtime,AI-Powered Deployment Optimization,AI-Powered Deployment Optimization,ai-powered-deployment-optimization,Best AI-Powered Deployment Optimization 2026
Reduce Downtime,Automate Software Deployment Release Management Software,Automate Software Deployment Release Management Software,automate-software-deployment-release-management-software,Top Automate Software Deployment Release Management Software 2026
Manage Cloud Costs,Cloud Cost Management Platforms,Cloud Cost Management Platforms,cloud-cost-management-platforms,Industry-Leading Cloud Cost Management Platforms 2026
Manage Cloud Costs,Reserved Instance Optimization Tools,Reserved Instance Optimization Tools,reserved-instance-optimization-tools,Ultimate Reserved Instance Optimization Tools 2026
Manage Cloud Costs,Cloud Usage Analytics,Cloud Usage Analytics,cloud-usage-analytics,Premier Cloud Usage Analytics 2026
Manage Cloud Costs,AI-Powered Cost Anomaly Detection,AI-Powered Cost Anomaly Detection,ai-powered-cost-anomaly-detection,Best AI-Powered Cost Anomaly Detection 2026
Improve Application Performance,APM Tools,APM Tools,apm-tools,Ultimate APM Tools 2026
Improve Application Performance,Code Profiling Software,Code Profiling Software,code-profiling-software,Top-Rated Code Profiling Software 2026
Improve Application Performance,Load Testing Platforms,Load Testing Platforms,load-testing-platforms,Best Load Testing Platforms 2026
Improve Application Performance,AI-Powered Performance Optimization Systems,AI-Powered Performance Optimization Systems,ai-powered-performance-optimization-systems,Best AI-Powered Performance Optimization Systems 2026
Improve Application Performance,Error Tracking Tools,Error Tracking Tools,error-tracking-tools,Ultimate Error Tracking Tools 2026
Improve Application Performance,Integrate Disconnected Systems,Integrate Disconnected Systems,integrate-disconnected-systems,Ultimate Integrate Disconnected Systems 2026
Improve Application Performance,Integrate Disconnected Systems iPaaS Platforms,Integrate Disconnected Systems iPaaS Platforms,integrate-disconnected-systems-ipaas-platforms,Ultimate Integrate Disconnected Systems iPaaS Platforms 2026
Improve Application Performance,Integrate Disconnected Systems API Management Tools,Integrate Disconnected Systems API Management Tools,integrate-disconnected-systems-api-management-tools,Industry-Leading Integrate Disconnected Systems API Management Tools 2026
Improve Application Performance,Integrate Disconnected Systems Custom Integration Solutions,Integrate Disconnected Systems Custom Integration Solutions,integrate-disconnected-systems-custom-integration-solutions,Top-Rated Integrate Disconnected Systems Custom Integration Solutions 2026
Improve Application Performance,AI-Powered Data Mapping Systems,AI-Powered Data Mapping Systems,ai-powered-data-mapping-systems,Best AI-Powered Data Mapping Systems 2026
Improve Application Performance,Integrate Disconnected Systems Workflow Automation Connectors,Integrate Disconnected Systems Workflow Automation Connectors,integrate-disconnected-systems-workflow-automation-connectors,Ultimate Integrate Disconnected Systems Workflow Automation Connectors 2026
Improve Application Performance,Manage APIs Efficiently,Manage APIs Efficiently,manage-apis-efficiently,Leading Manage APIs Efficiently 2026
Improve Application Performance,Manage APIs Efficiently API Gateway Platforms,Manage APIs Efficiently API Gateway Platforms,manage-apis-efficiently-api-gateway-platforms,Professional Manage APIs Efficiently API Gateway Platforms 2026
Improve Application Performance,Manage APIs Efficiently API Documentation Tools,Manage APIs Efficiently API Documentation Tools,manage-apis-efficiently-api-documentation-tools,Premier Manage APIs Efficiently API Documentation Tools 2026
Improve Application Performance,Manage APIs Efficiently API Analytics & Monitoring,Manage APIs Efficiently API Analytics & Monitoring,manage-apis-efficiently-api-analytics-monitoring,Leading Manage APIs Efficiently API Analytics & Monitoring 2026
Improve Application Performance,AI-Powered API Security Systems,AI-Powered API Security Systems,ai-powered-api-security-systems,Best AI-Powered API Security Systems 2026
Improve Application Performance,Manage APIs Efficiently API Lifecycle Management,Manage APIs Efficiently API Lifecycle Management,manage-apis-efficiently-api-lifecycle-management,Best Manage APIs Efficiently API Lifecycle Management 2026
Improve Application Performance,Improve Software Quality,Improve Software Quality,improve-software-quality,Leading Improve Software Quality 2026
Improve Application Performance,Improve Software Quality Automated Testing Tools,Improve Software Quality Automated Testing Tools,improve-software-quality-automated-testing-tools,Leading Improve Software Quality Automated Testing Tools 2026
Improve Application Performance,Improve Software Quality Code Review Platforms,Improve Software Quality Code Review Platforms,improve-software-quality-code-review-platforms,Top Improve Software Quality Code Review Platforms 2026
Improve Application Performance,Improve Software Quality Continuous Integration Systems,Improve Software Quality Continuous Integration Systems,improve-software-quality-continuous-integration-systems,Leading Improve Software Quality Continuous Integration Systems 2026
Improve Application Performance,AI-Powered Bug Prediction Tools,AI-Powered Bug Prediction Tools,ai-powered-bug-prediction-tools,Best AI-Powered Bug Prediction Tools 2026
Improve Application Performance,Improve Software Quality Performance Testing Software,Improve Software Quality Performance Testing Software,improve-software-quality-performance-testing-software,Top Improve Software Quality Performance Testing Software 2026
Manage Data & Databases,Database Management Systems,Database Management Systems,database-management-systems,Leading Database Management Systems 2026
Manage Data & Databases,Data Integration Tools,Data Integration Tools,data-integration-tools,Leading Data Integration Tools 2026
Manage Data & Databases,Data Governance Platforms,Data Governance Platforms,data-governance-platforms,Top Data Governance Platforms 2026
Manage Data & Databases,AI-Powered Database Optimization,AI-Powered Database Optimization,ai-powered-database-optimization,Best AI-Powered Database Optimization 2026
Manage Data & Databases,Backup & Recovery Solutions,Backup & Recovery Solutions,backup-recovery-solutions,Ultimate Backup & Recovery Solutions 2026
Manage Data & Databases,Build Software Faster,Build Software Faster,build-software-faster,Professional Build Software Faster 2026
Manage Data & Databases,Build Software Faster Low-Code/No-Code Platforms,Build Software Faster Low-Code/No-Code Platforms,build-software-faster-low-codeno-code-platforms,Leading Build Software Faster Low-Code/No-Code Platforms 2026
Manage Data & Databases,Build Software Faster Agile Project Management Tools,Build Software Faster Agile Project Management Tools,build-software-faster-agile-project-management-tools,Top-Rated Build Software Faster Agile Project Management Tools 2026
Manage Data & Databases,Build Software Faster DevOps Automation,Build Software Faster DevOps Automation,build-software-faster-devops-automation,Top Build Software Faster DevOps Automation 2026
Manage Data & Databases,AI-Powered Code Generation Assistants,AI-Powered Code Generation Assistants,ai-powered-code-generation-assistants,Best AI-Powered Code Generation Assistants 2026
Manage Data & Databases,Build Software Faster Rapid Prototyping Tools,Build Software Faster Rapid Prototyping Tools,build-software-faster-rapid-prototyping-tools,Leading Build Software Faster Rapid Prototyping Tools 2026
Create Mobile Apps,Cross-Platform Development Tools,Cross-Platform Development Tools,cross-platform-development-tools,Top-Rated Cross-Platform Development Tools 2026
Create Mobile Apps,Mobile Backend as a Service (MBaaS),Mobile Backend as a Service (MBaaS),mobile-backend-as-a-service-mbaas,Premier Mobile Backend as a Service (MBaaS) 2026
Create Mobile Apps,App Analytics Platforms,App Analytics Platforms,app-analytics-platforms,Premier App Analytics Platforms 2026
Create Mobile Apps,AI-Powered App Personalization Engines,AI-Powered App Personalization Engines,ai-powered-app-personalization-engines,Best AI-Powered App Personalization Engines 2026
Create Mobile Apps,No-Code App Builders,No-Code App Builders,no-code-app-builders,Top No-Code App Builders 2026
Create Mobile Apps,Develop AI Solutions,Develop AI Solutions,develop-ai-solutions,Top Develop AI Solutions 2026
Create Mobile Apps,Develop AI Solutions Machine Learning Platforms,Develop AI Solutions Machine Learning Platforms,develop-ai-solutions-machine-learning-platforms,Best Develop AI Solutions Machine Learning Platforms 2026
Create Mobile Apps,Develop AI Solutions Data Labeling Tools,Develop AI Solutions Data Labeling Tools,develop-ai-solutions-data-labeling-tools,Leading Develop AI Solutions Data Labeling Tools 2026
Create Mobile Apps,Develop AI Solutions Model Training Infrastructure,Develop AI Solutions Model Training Infrastructure,develop-ai-solutions-model-training-infrastructure,Industry-Leading Develop AI Solutions Model Training Infrastructure 2026
Create Mobile Apps,AI-Powered Pre-Trained Models,AI-Powered Pre-Trained Models,ai-powered-pre-trained-models,Best AI-Powered Pre-Trained Models 2026
Create Mobile Apps,Develop AI Solutions MLOps Platforms,Develop AI Solutions MLOps Platforms,develop-ai-solutions-mlops-platforms,Leading Develop AI Solutions MLOps Platforms 2026
Launch Web3 Products,Blockchain Development Platforms,Blockchain Development Platforms,blockchain-development-platforms,Top-Rated Blockchain Development Platforms 2026
Launch Web3 Products,Smart Contract Auditing Tools,Smart Contract Auditing Tools,smart-contract-auditing-tools,Leading Smart Contract Auditing Tools 2026
Launch Web3 Products,NFT Marketplace Builders,NFT Marketplace Builders,nft-marketplace-builders,Best NFT Marketplace Builders 2026
Launch Web3 Products,AI-Powered Web3 Analytics Systems,AI-Powered Web3 Analytics Systems,ai-powered-web3-analytics-systems,Best AI-Powered Web3 Analytics Systems 2026
Launch Web3 Products,Decentralized Identity Solutions,Decentralized Identity Solutions,decentralized-identity-solutions,Industry-Leading Decentralized Identity Solutions 2026
Build Marketplaces,Marketplace SaaS Platforms,Marketplace SaaS Platforms,marketplace-saas-platforms,Leading Marketplace SaaS Platforms 2026
Build Marketplaces,Payment Integration Tools,Payment Integration Tools,payment-integration-tools,Leading Payment Integration Tools 2026
Build Marketplaces,Trust & Safety Systems,Trust & Safety Systems,trust-safety-systems,Premier Trust & Safety Systems 2026
Build Marketplaces,AI-Powered Recommendation Engines,AI-Powered Recommendation Engines,ai-powered-recommendation-engines,Best AI-Powered Recommendation Engines 2026
Build Marketplaces,Vendor Management Software,Vendor Management Software,vendor-management-software,Top Vendor Management Software 2026
Create Online Courses,Learning Management Systems,Learning Management Systems,learning-management-systems,Top-Rated Learning Management Systems 2026
Create Online Courses,Course Authoring Tools,Course Authoring Tools,course-authoring-tools,Leading Course Authoring Tools 2026
Create Online Courses,Video Hosting Platforms,Video Hosting Platforms,video-hosting-platforms,Top-Rated Video Hosting Platforms 2026
Create Online Courses,AI-Powered Personalized Learning Systems,AI-Powered Personalized Learning Systems,ai-powered-personalized-learning-systems,Best AI-Powered Personalized Learning Systems 2026
Create Online Courses,Student Engagement Analytics,Student Engagement Analytics,student-engagement-analytics,Industry-Leading Student Engagement Analytics 2026
Design Better UX/UI,Prototyping & Wireframing Tools,Prototyping & Wireframing Tools,prototyping-wireframing-tools,Industry-Leading Prototyping & Wireframing Tools 2026
Design Better UX/UI,User Testing Platforms,User Testing Platforms,user-testing-platforms,Ultimate User Testing Platforms 2026
Design Better UX/UI Design System Managers,AI-Powered Design Assistants,AI-Powered Design Assistants,ai-powered-design-assistants,Best AI-Powered Design Assistants 2026
Build Digital Communities,Community Platform Software,Community Platform Software,community-platform-software,Leading Community Platform Software 2026
Build Digital Communities,Forum & Discussion Tools,Forum & Discussion Tools,forum-discussion-tools,Leading Forum & Discussion Tools 2026
Build Digital Communities,Member Management Systems,Member Management Systems,member-management-systems,Leading Member Management Systems 2026
Build Digital Communities,AI-Powered Content Moderation Tools,AI-Powered Content Moderation Tools,ai-powered-content-moderation-tools,Best AI-Powered Content Moderation Tools 2026
Build Digital Communities,Gamification Engines,Gamification Engines,gamification-engines,Ultimate Gamification Engines 2026
Monetize Digital Content,Paywall & Subscription Platforms,Paywall & Subscription Platforms,paywall-subscription-platforms,Top-Rated Paywall & Subscription Platforms 2026
Monetize Digital Content,Digital Rights Management,Digital Rights Management,digital-rights-management,Best Digital Rights Management 2026
Monetize Digital Content,Ad Monetization Tools,Ad Monetization Tools,ad-monetization-tools,Industry-Leading Ad Monetization Tools 2026
Monetize Digital Content,AI-Powered Content Value Optimization,AI-Powered Content Value Optimization,ai-powered-content-value-optimization,Best AI-Powered Content Value Optimization 2026
Monetize Digital Content,Micropayment Systems,Micropayment Systems,micropayment-systems,Professional Micropayment Systems 2026
Prototype & Test Ideas,Rapid Prototyping Tools,Rapid Prototyping Tools,rapid-prototyping-tools,Ultimate Rapid Prototyping Tools 2026
Prototype & Test Ideas,MVP Development Platforms,MVP Development Platforms,mvp-development-platforms,Professional MVP Development Platforms 2026
Prototype & Test Ideas,User Feedback Collection Tools,User Feedback Collection Tools,user-feedback-collection-tools,Premier User Feedback Collection Tools 2026
Prototype & Test Ideas,AI-Powered Idea Validation Systems,AI-Powered Idea Validation Systems,ai-powered-idea-validation-systems,Best AI-Powered Idea Validation Systems 2026
Prototype & Test Ideas,A/B Testing Platforms,A/B Testing Platforms,ab-testing-platforms,Professional A/B Testing Platforms 2026
Manage Healthcare Operations Electronic Health Records (EHR),Manage Healthcare Operations Practice Management Software,Manage Healthcare Operations Practice Management Software,manage-healthcare-operations-practice-management-software,Leading Manage Healthcare Operations Practice Management Software 2026
Manage Healthcare Operations Electronic Health Records (EHR),Manage Healthcare Operations Telemedicine Platforms,Manage Healthcare Operations Telemedicine Platforms,manage-healthcare-operations-telemedicine-platforms,Top-Rated Manage Healthcare Operations Telemedicine Platforms 2026
Manage Healthcare Operations Electronic Health Records (EHR),AI-Powered Diagnostics Assistants,AI-Powered Diagnostics Assistants,ai-powered-diagnostics-assistants,Best AI-Powered Diagnostics Assistants 2026
Manage Healthcare Operations Electronic Health Records (EHR),Manage Healthcare Operations Healthcare Analytics Systems,Manage Healthcare Operations Healthcare Analytics Systems,manage-healthcare-operations-healthcare-analytics-systems,Professional Manage Healthcare Operations Healthcare Analytics Systems 2026
Manage Healthcare Operations Electronic Health Records (EHR),Improve Real Estate Management,Improve Real Estate Management,improve-real-estate-management,Best Improve Real Estate Management 2026
Manage Healthcare Operations Electronic Health Records (EHR),Improve Real Estate Management Property Management Software,Improve Real Estate Management Property Management Software,improve-real-estate-management-property-management-software,Premier Improve Real Estate Management Property Management Software 2026
Manage Healthcare Operations Electronic Health Records (EHR),Improve Real Estate Management Real Estate CRM,Improve Real Estate Management Real Estate CRM,improve-real-estate-management-real-estate-crm,Top Improve Real Estate Management Real Estate CRM 2026
Manage Healthcare Operations Electronic Health Records (EHR),Improve Real Estate Management Lease Administration Tools,Improve Real Estate Management Lease Administration Tools,improve-real-estate-management-lease-administration-tools,Professional Improve Real Estate Management Lease Administration Tools 2026
Manage Healthcare Operations Electronic Health Records (EHR),AI-Powered Property Valuation Systems,AI-Powered Property Valuation Systems,ai-powered-property-valuation-systems,Best AI-Powered Property Valuation Systems 2026
Manage Healthcare Operations Electronic Health Records (EHR),Improve Real Estate Management Facility Management Platforms,Improve Real Estate Management Facility Management Platforms,improve-real-estate-management-facility-management-platforms,Industry-Leading Improve Real Estate Management Facility Management Platforms 2026
Optimize Manufacturing Processes,Manufacturing Execution Systems,Manufacturing Execution Systems,manufacturing-execution-systems,Industry-Leading Manufacturing Execution Systems 2026
Optimize Manufacturing Processes,ERP for Manufacturing,ERP for Manufacturing,erp-for-manufacturing,Top-Rated ERP for Manufacturing 2026
Optimize Manufacturing Processes,Predictive Maintenance Tools,Predictive Maintenance Tools,predictive-maintenance-tools,Professional Predictive Maintenance Tools 2026
Optimize Manufacturing Processes,AI-Powered Quality Control Systems,AI-Powered Quality Control Systems,ai-powered-quality-control-systems,Best AI-Powered Quality Control Systems 2026
Optimize Manufacturing Processes,Supply Chain Integration,Supply Chain Integration,supply-chain-integration,Top-Rated Supply Chain Integration 2026
Improve Supply Chain Efficiency,Supply Chain Management Software,Supply Chain Management Software,supply-chain-management-software,Top-Rated Supply Chain Management Software 2026
Improve Supply Chain Efficiency,Inventory Optimization Tools,Inventory Optimization Tools,inventory-optimization-tools,Premier Inventory Optimization Tools 2026
Improve Supply Chain Efficiency,Logistics & Freight Platforms,Logistics & Freight Platforms,logistics-freight-platforms,Ultimate Logistics & Freight Platforms 2026
Improve Supply Chain Efficiency,AI-Powered Demand Forecasting Systems,AI-Powered Demand Forecasting Systems,ai-powered-demand-forecasting-systems,Best AI-Powered Demand Forecasting Systems 2026
Improve Supply Chain Efficiency,Supplier Collaboration Tools,Supplier Collaboration Tools,supplier-collaboration-tools,Industry-Leading Supplier Collaboration Tools 2026
Manage Construction Projects,Construction Management Software,Construction Management Software,construction-management-software,Best Construction Management Software 2026
Manage Construction Projects,Project Scheduling Tools,Project Scheduling Tools,project-scheduling-tools,Professional Project Scheduling Tools 2026
Manage Construction Projects,Document Control Systems,Document Control Systems,document-control-systems,Premier Document Control Systems 2026
Manage Construction Projects,AI-Powered Risk Management Platforms,AI-Powered Risk Management Platforms,ai-powered-risk-management-platforms,Best AI-Powered Risk Management Platforms 2026
Manage Construction Projects,BIM Tools,BIM Tools,bim-tools,Professional BIM Tools 2026
Improve Energy Efficiency,Energy Management Software,Energy Management Software,energy-management-software,Best Energy Management Software 2026
Improve Energy Efficiency,Smart Building Automation,Smart Building Automation,smart-building-automation,Top Smart Building Automation 2026
Improve Energy Efficiency,IoT Monitoring Platforms,IoT Monitoring Platforms,iot-monitoring-platforms,Premier IoT Monitoring Platforms 2026
Improve Energy Efficiency,AI-Powered Energy Consumption Optimization,AI-Powered Energy Consumption Optimization,ai-powered-energy-consumption-optimization,Best AI-Powered Energy Consumption Optimization 2026
Improve Energy Efficiency,Renewable Energy Integration Tools,Renewable Energy Integration Tools,renewable-energy-integration-tools,Industry-Leading Renewable Energy Integration Tools 2026
Improve Agricultural Productivity,Precision Agriculture Software,Precision Agriculture Software,precision-agriculture-software,Ultimate Precision Agriculture Software 2026
Improve Agricultural Productivity,Farm Management Systems,Farm Management Systems,farm-management-systems,Professional Farm Management Systems 2026
Improve Agricultural Productivity,IoT Sensor Platforms,IoT Sensor Platforms,iot-sensor-platforms,Top-Rated IoT Sensor Platforms 2026
Improve Agricultural Productivity,AI-Powered Crop Yield Prediction,AI-Powered Crop Yield Prediction,ai-powered-crop-yield-prediction,Best AI-Powered Crop Yield Prediction 2026
Improve Agricultural Productivity,Drone & Imaging Analytics,Drone & Imaging Analytics,drone-imaging-analytics,Professional Drone & Imaging Analytics 2026
Improve Agricultural Productivity,Improve Government Service Delivery,Improve Government Service Delivery,improve-government-service-delivery,Leading Improve Government Service Delivery 2026
Improve Agricultural Productivity,Improve Government Service Delivery Citizen Engagement Platforms,Improve Government Service Delivery Citizen Engagement Platforms,improve-government-service-delivery-citizen-engagement-platforms,Top-Rated Improve Government Service Delivery Citizen Engagement Platforms 2026
Improve Agricultural Productivity,Improve Government Service Delivery E-Government Portals,Improve Government Service Delivery E-Government Portals,improve-government-service-delivery-e-government-portals,Best Improve Government Service Delivery E-Government Portals 2026
Improve Agricultural Productivity,Improve Government Service Delivery Case Management Systems,Improve Government Service Delivery Case Management Systems,improve-government-service-delivery-case-management-systems,Top Improve Government Service Delivery Case Management Systems 2026
Improve Agricultural Productivity,AI-Powered Process Automation for Government,AI-Powered Process Automation for Government,ai-powered-process-automation-for-government,Best AI-Powered Process Automation for Government 2026
Improve Agricultural Productivity,Improve Government Service Delivery Open Data Platforms,Improve Government Service Delivery Open Data Platforms,improve-government-service-delivery-open-data-platforms,Leading Improve Government Service Delivery Open Data Platforms 2026
Optimize Logistics & Fleet Operations,Fleet Management Software,Fleet Management Software,fleet-management-software,Ultimate Fleet Management Software 2026
Optimize Logistics & Fleet Operations,Route Optimization Tools,Route Optimization Tools,route-optimization-tools,Professional Route Optimization Tools 2026
Optimize Logistics & Fleet Operations,Warehouse Management Systems,Warehouse Management Systems,warehouse-management-systems,Top Warehouse Management Systems 2026
Optimize Logistics & Fleet Operations,AI-Powered Predictive Logistics Systems,AI-Powered Predictive Logistics Systems,ai-powered-predictive-logistics-systems,Best AI-Powered Predictive Logistics Systems 2026
Optimize Logistics & Fleet Operations,Telematics Platforms,Telematics Platforms,telematics-platforms,Professional Telematics Platforms 2026
Manage Hospitality & Travel Operations,#NAME?,#NAME?,property-management-systems,Top-Rated - Property Management Systems 2026
Manage Hospitality & Travel Operations,#NAME?,#NAME?,booking-engine-platforms,Best - Booking Engine Platforms 2026
Manage Hospitality & Travel Operations,#NAME?,#NAME?,channel-management-tools,Leading - Channel Management Tools 2026
Manage Hospitality & Travel Operations,#NAME?,#NAME?,ai-powered-revenue-management-systems,Premier - AI-Powered Revenue Management Systems 2026
Manage Hospitality & Travel Operations,#NAME?,#NAME?,guest-experience-platforms,Best - Guest Experience Platforms 2026
